name,price,sku
铭塔（MING TA）趣味滑翔车 婴幼儿童小孩益智,59.00,5350700
贝恩施(beiens)儿童,68.00,1341907
铭塔（MING TA）200粒建筑师积木 木制质拼装搭婴幼儿童,99.00,1270371
儿童亲子,29.80,1430525119
宝贝星（BBS） 遥控飞机大型耐摔四轴飞行器无人机航拍高清战斗航模直升儿童,118.00,10191670414
迪美 遥控车 变形机器人模型 一键展示功能带灯光音乐可充电男孩儿童,128.00,2640029
铭塔（MING TA）钓鱼游戏 益智,59.90,5228666
活石遥控车358A越野攀爬车超大摇控赛车大脚漂移小汽车儿童益智,78.00,5562534
澳乐滑滑梯儿童室内家用幼儿园宝宝游乐场小型小孩加厚滑梯,349.00,100000141201
乐高(LEGO)积木 机械组Technic高速赛车-火力猛攻7-14岁 42073 儿童,179.00,6007922
乐高(LEGO)积木 城市组系列City移动指挥中心 6-12岁 60139 儿童,269.00,4204586
DZDIV 遥控车 越野车儿童,69.00,1179294
惯性越野四驱,9.90,33741510554
圣手传奇三阶魔方 3阶比赛专用魔方益智减压,9.80,4345261
猫贝乐（MAOBEILE）电子琴 拍拍鼓2合1电子琴 儿童唱歌机早教机故事机电子琴拍拍琴益智,39.00,4198944
铭塔（MING TA）趣味滑翔车 婴幼儿童小孩益智,89.00,5850019
智能遥控机器人充电机械战警可对战唱歌跳舞编程电动早教,118.00,18666670971
特宝儿（topbright）趣味滑翔车 小孩益智,59.90,3343178
贝恩施(beiens)益智儿童,59.00,2517223
[过年不打烊]猪年新年吉祥礼物 正版抖音猪小屁 男孩女孩唱歌学舌 国学古诗 讲故事益智儿童,99.00,32956718845
启蒙（ENLIGHTEN）拼装积木军事系列儿童,96.00,4120347
乐高(LEGO)积木 经典创意Classic多轮创意拼砌篮4-99岁 10715 儿童,219.00,5978833
【60分钟续航】美致模型（MZ）儿童,118.00,31247994071
铭塔（MING TA）400粒拼装积木  儿童,99.00,8779817
福孩儿木质幼儿童,49.80,10254097423
可爱布丁儿童,39.90,4763811
铭塔（MING TA）多功能,69.00,4750728
费雪（Fisher Price）多功能益智早教,168.00,2210035
铭塔（MING TA）150件套装绘画工具盒 文具画板写字板,59.90,5487545
乐高(LEGO)积木 城市组系列City高速追捕5-12岁 60138 儿童,209.00,4204590
